,                  US10Y
observation_date       ,
6/8/07,5.12
6/11/07,5.14
6/12/07,5.26
6/13/07,5.2
6/14/07,5.23
6/15/07,5.16
6/18/07,5.15
6/19/07,5.09
6/20/07,5.14
6/21/07,5.16
6/22/07,5.14
6/25/07,5.09
6/26/07,5.1
6/27/07,5.09
6/28/07,5.12
6/29/07,5.03
7/2/07,5
7/3/07,5.05
7/5/07,5.16
7/6/07,5.19
7/9/07,5.16
7/10/07,5.03
7/11/07,5.09
7/12/07,5.13
7/13/07,5.11
7/16/07,5.05
7/17/07,5.08
7/18/07,5.02
7/19/07,5.04
7/20/07,4.96
7/23/07,4.97
7/24/07,4.94
7/25/07,4.92
7/26/07,4.79
7/27/07,4.8
7/30/07,4.82
7/31/07,4.78
8/1/07,4.76
8/2/07,4.77
8/3/07,4.71
8/6/07,4.72
8/7/07,4.77
8/8/07,4.84
8/9/07,4.79
8/10/07,4.81
8/13/07,4.78
8/14/07,4.73
8/15/07,4.69
8/16/07,4.6
8/17/07,4.68
8/20/07,4.64
8/21/07,4.6
8/22/07,4.63
8/23/07,4.62
8/24/07,4.63
8/27/07,4.6
8/28/07,4.53
8/29/07,4.57
8/30/07,4.51
8/31/07,4.54
9/4/07,4.56
9/5/07,4.48
9/6/07,4.51
9/7/07,4.38
9/10/07,4.34
9/11/07,4.37
9/12/07,4.41
9/13/07,4.49
9/14/07,4.47
9/17/07,4.48
9/18/07,4.5
9/19/07,4.53
9/20/07,4.69
9/21/07,4.64
9/24/07,4.63
9/25/07,4.63
9/26/07,4.63
9/27/07,4.58
9/28/07,4.59
10/1/07,4.56
10/2/07,4.54
10/3/07,4.55
10/4/07,4.54
10/5/07,4.65
10/9/07,4.67
10/10/07,4.65
10/11/07,4.66
10/12/07,4.7
10/15/07,4.69
10/16/07,4.66
10/17/07,4.57
10/18/07,4.52
10/19/07,4.41
10/22/07,4.42
10/23/07,4.41
10/24/07,4.36
10/25/07,4.37
10/26/07,4.41
10/29/07,4.39
10/30/07,4.4
10/31/07,4.48
11/1/07,4.36
11/2/07,4.31
11/5/07,4.35
11/6/07,4.38
11/7/07,4.34
11/8/07,4.28
11/9/07,4.23
11/13/07,4.26
11/14/07,4.28
11/15/07,4.17
11/16/07,4.15
11/19/07,4.07
11/20/07,4.06
11/21/07,4
11/23/07,4.01
11/26/07,3.83
11/27/07,3.95
11/28/07,4.03
11/29/07,3.94
11/30/07,3.97
12/3/07,3.89
12/4/07,3.89
12/5/07,3.92
12/6/07,4.02
12/7/07,4.12
12/10/07,4.15
12/11/07,3.98
12/12/07,4.05
12/13/07,4.18
12/14/07,4.24
12/17/07,4.2
12/18/07,4.14
12/19/07,4.06
12/20/07,4.04
12/21/07,4.18
12/24/07,4.23
12/26/07,4.3
12/27/07,4.21
12/28/07,4.11
12/31/07,4.04
1/2/08,3.91
1/3/08,3.91
1/4/08,3.88
1/7/08,3.86
1/8/08,3.86
1/9/08,3.82
1/10/08,3.91
1/11/08,3.82
1/14/08,3.81
1/15/08,3.72
1/16/08,3.74
1/17/08,3.66
1/18/08,3.66
1/22/08,3.52
1/23/08,3.51
1/24/08,3.68
1/25/08,3.61
1/28/08,3.61
1/29/08,3.69
1/30/08,3.78
1/31/08,3.67
2/1/08,3.62
2/4/08,3.68
2/5/08,3.61
2/6/08,3.61
2/7/08,3.74
2/8/08,3.64
2/11/08,3.62
2/12/08,3.66
2/13/08,3.7
2/14/08,3.85
2/15/08,3.76
2/19/08,3.89
2/20/08,3.93
2/21/08,3.77
2/22/08,3.79
2/25/08,3.91
2/26/08,3.88
2/27/08,3.85
2/28/08,3.71
2/29/08,3.53
3/3/08,3.54
3/4/08,3.63
3/5/08,3.7
3/6/08,3.62
3/7/08,3.56
3/10/08,3.46
3/11/08,3.6
3/12/08,3.49
3/13/08,3.56
3/14/08,3.44
3/17/08,3.34
3/18/08,3.48
3/19/08,3.38
3/20/08,3.34
3/24/08,3.56
3/25/08,3.51
3/26/08,3.51
3/27/08,3.56
3/28/08,3.47
3/31/08,3.45
4/1/08,3.57
4/2/08,3.6
4/3/08,3.61
4/4/08,3.5
4/7/08,3.57
4/8/08,3.58
4/9/08,3.49
4/10/08,3.55
4/11/08,3.49
4/14/08,3.53
4/15/08,3.6
4/16/08,3.72
4/17/08,3.75
4/18/08,3.77
4/21/08,3.75
4/22/08,3.74
4/23/08,3.77
4/24/08,3.87
4/25/08,3.91
4/28/08,3.86
4/29/08,3.85
4/30/08,3.77
5/1/08,3.78
5/2/08,3.89
5/5/08,3.88
5/6/08,3.93
5/7/08,3.87
5/8/08,3.79
5/9/08,3.77
5/12/08,3.78
5/13/08,3.9
5/14/08,3.92
5/15/08,3.83
5/16/08,3.85
5/19/08,3.83
5/20/08,3.78
5/21/08,3.81
5/22/08,3.92
5/23/08,3.85
5/27/08,3.93
5/28/08,4.03
5/29/08,4.08
5/30/08,4.06
6/2/08,3.98
6/3/08,3.92
6/4/08,3.98
6/5/08,4.06
6/6/08,3.94
6/9/08,4.02
6/10/08,4.11
6/11/08,4.1
6/12/08,4.23
6/13/08,4.27
6/16/08,4.25
6/17/08,4.23
6/18/08,4.16
6/19/08,4.22
6/20/08,4.16
6/23/08,4.19
6/24/08,4.1
6/25/08,4.12
6/26/08,4.07
6/27/08,3.99
6/30/08,3.99
7/1/08,4.01
7/2/08,3.99
7/3/08,3.99
7/7/08,3.95
7/8/08,3.91
7/9/08,3.85
7/10/08,3.83
7/11/08,3.96
7/14/08,3.9
7/15/08,3.87
7/16/08,3.97
7/17/08,4.07
7/18/08,4.11
7/21/08,4.09
7/22/08,4.14
7/23/08,4.16
7/24/08,4.03
7/25/08,4.13
7/28/08,4.06
7/29/08,4.09
7/30/08,4.07
7/31/08,3.99
8/1/08,3.97
8/4/08,3.98
8/5/08,4.04
8/6/08,4.06
8/7/08,3.92
8/8/08,3.94
8/11/08,3.99
8/12/08,3.91
8/13/08,3.94
8/14/08,3.89
8/15/08,3.84
8/18/08,3.82
8/19/08,3.83
8/20/08,3.79
8/21/08,3.84
8/22/08,3.87
8/25/08,3.79
8/26/08,3.79
8/27/08,3.77
8/28/08,3.79
8/29/08,3.83
9/2/08,3.74
9/3/08,3.71
9/4/08,3.64
9/5/08,3.66
9/8/08,3.66
9/9/08,3.62
9/10/08,3.65
9/11/08,3.64
9/12/08,3.74
9/15/08,3.47
9/16/08,3.48
9/17/08,3.41
9/18/08,3.54
9/19/08,3.78
9/22/08,3.83
9/23/08,3.85
9/24/08,3.8
9/25/08,3.88
9/26/08,3.85
9/29/08,3.61
9/30/08,3.85
10/1/08,3.77
10/2/08,3.66
10/3/08,3.63
10/6/08,3.48
10/7/08,3.5
10/8/08,3.72
10/9/08,3.84
10/10/08,3.89
10/14/08,4.08
10/15/08,4.04
10/16/08,3.99
10/17/08,3.98
10/20/08,3.91
10/21/08,3.76
10/22/08,3.65
10/23/08,3.63
10/24/08,3.76
10/27/08,3.79
10/28/08,3.89
10/29/08,3.93
10/30/08,4
10/31/08,4.01
11/3/08,3.96
11/4/08,3.81
11/5/08,3.73
11/6/08,3.75
11/7/08,3.83
11/10/08,3.82
11/12/08,3.75
11/13/08,3.84
11/14/08,3.72
11/17/08,3.68
11/18/08,3.53
11/19/08,3.38
11/20/08,3.1
11/21/08,3.2
11/24/08,3.35
11/25/08,3.11
11/26/08,2.99
11/28/08,2.93
12/1/08,2.72
12/2/08,2.68
12/3/08,2.67
12/4/08,2.55
12/5/08,2.67
12/8/08,2.77
12/9/08,2.67
12/10/08,2.69
12/11/08,2.64
12/12/08,2.6
12/15/08,2.53
12/16/08,2.37
12/17/08,2.2
12/18/08,2.08
12/19/08,2.13
12/22/08,2.16
12/23/08,2.18
12/24/08,2.2
12/26/08,2.16
12/29/08,2.13
12/30/08,2.11
12/31/08,2.25
1/2/09,2.46
1/5/09,2.49
1/6/09,2.51
1/7/09,2.52
1/8/09,2.47
1/9/09,2.43
1/12/09,2.34
1/13/09,2.33
1/14/09,2.24
1/15/09,2.23
1/16/09,2.36
1/20/09,2.4
1/21/09,2.56
1/22/09,2.62
1/23/09,2.65
1/26/09,2.7
1/27/09,2.59
1/28/09,2.71
1/29/09,2.87
1/30/09,2.87
2/2/09,2.76
2/3/09,2.89
2/4/09,2.95
2/5/09,2.95
2/6/09,3.05
2/9/09,3.07
2/10/09,2.9
2/11/09,2.78
2/12/09,2.75
2/13/09,2.89
2/17/09,2.64
2/18/09,2.74
2/19/09,2.85
2/20/09,2.78
2/23/09,2.78
2/24/09,2.8
2/25/09,2.95
2/26/09,2.98
2/27/09,3.02
3/2/09,2.91
3/3/09,2.93
3/4/09,3.01
3/5/09,2.83
3/6/09,2.83
3/9/09,2.89
3/10/09,2.99
3/11/09,2.95
3/12/09,2.89
3/13/09,2.89
3/16/09,2.97
3/17/09,3.02
3/18/09,2.51
3/19/09,2.61
3/20/09,2.65
3/23/09,2.68
3/24/09,2.68
3/25/09,2.81
3/26/09,2.76
3/27/09,2.78
3/30/09,2.73
3/31/09,2.71
4/1/09,2.68
4/2/09,2.77
4/3/09,2.91
4/6/09,2.95
4/7/09,2.93
4/8/09,2.86
4/9/09,2.96
4/13/09,2.88
4/14/09,2.8
4/15/09,2.82
4/16/09,2.86
4/17/09,2.98
4/20/09,2.88
4/21/09,2.94
4/22/09,2.98
4/23/09,2.96
4/24/09,3.03
4/27/09,2.95
4/28/09,3.05
4/29/09,3.12
4/30/09,3.16
5/1/09,3.21
5/4/09,3.19
5/5/09,3.2
5/6/09,3.18
5/7/09,3.29
5/8/09,3.29
5/11/09,3.17
5/12/09,3.17
5/13/09,3.11
5/14/09,3.1
5/15/09,3.14
5/18/09,3.22
5/19/09,3.25
5/20/09,3.19
5/21/09,3.35
5/22/09,3.45
5/26/09,3.5
5/27/09,3.71
5/28/09,3.67
5/29/09,3.47
6/1/09,3.71
6/2/09,3.65
6/3/09,3.56
6/4/09,3.72
6/5/09,3.84
6/8/09,3.91
6/9/09,3.86
6/10/09,3.98
6/11/09,3.88
6/12/09,3.81
6/15/09,3.76
6/16/09,3.67
6/17/09,3.68
6/18/09,3.86
6/19/09,3.79
6/22/09,3.72
6/23/09,3.65
6/24/09,3.72
6/25/09,3.55
6/26/09,3.52
6/29/09,3.51
6/30/09,3.53
7/1/09,3.55
7/2/09,3.51
7/6/09,3.52
7/7/09,3.47
7/8/09,3.33
7/9/09,3.44
7/10/09,3.32
7/13/09,3.38
7/14/09,3.5
7/15/09,3.63
7/16/09,3.59
7/17/09,3.67
7/20/09,3.61
7/21/09,3.5
7/22/09,3.58
7/23/09,3.72
7/24/09,3.7
7/27/09,3.75
7/28/09,3.72
7/29/09,3.69
7/30/09,3.67
7/31/09,3.52
8/3/09,3.66
8/4/09,3.7
8/5/09,3.8
8/6/09,3.79
8/7/09,3.89
8/10/09,3.8
8/11/09,3.71
8/12/09,3.72
8/13/09,3.59
8/14/09,3.55
8/17/09,3.48
8/18/09,3.51
8/19/09,3.45
8/20/09,3.42
8/21/09,3.56
8/24/09,3.48
8/25/09,3.45
8/26/09,3.44
8/27/09,3.47
8/28/09,3.46
8/31/09,3.4
9/1/09,3.38
9/2/09,3.29
9/3/09,3.33
9/4/09,3.45
9/8/09,3.47
9/9/09,3.48
9/10/09,3.36
9/11/09,3.34
9/14/09,3.42
9/15/09,3.47
9/16/09,3.48
9/17/09,3.42
9/18/09,3.49
9/21/09,3.49
9/22/09,3.46
9/23/09,3.44
9/24/09,3.4
9/25/09,3.34
9/28/09,3.31
9/29/09,3.31
9/30/09,3.31
10/1/09,3.21
10/2/09,3.24
10/5/09,3.24
10/6/09,3.27
10/7/09,3.21
10/8/09,3.27
10/9/09,3.4
10/13/09,3.34
10/14/09,3.45
10/15/09,3.49
10/16/09,3.43
10/19/09,3.41
10/20/09,3.35
10/21/09,3.42
10/22/09,3.44
10/23/09,3.51
10/26/09,3.59
10/27/09,3.49
10/28/09,3.44
10/29/09,3.53
10/30/09,3.41
11/2/09,3.45
11/3/09,3.5
11/4/09,3.57
11/5/09,3.57
11/6/09,3.54
11/9/09,3.52
11/10/09,3.5
11/12/09,3.45
11/13/09,3.43
11/16/09,3.33
11/17/09,3.33
11/18/09,3.36
11/19/09,3.35
11/20/09,3.36
11/23/09,3.37
11/24/09,3.32
11/25/09,3.28
11/27/09,3.21
11/30/09,3.21
12/1/09,3.28
12/2/09,3.32
12/3/09,3.39
12/4/09,3.48
12/7/09,3.44
12/8/09,3.4
12/9/09,3.45
12/10/09,3.49
12/11/09,3.55
12/14/09,3.56
12/15/09,3.6
12/16/09,3.61
12/17/09,3.5
12/18/09,3.55
12/21/09,3.69
12/22/09,3.76
12/23/09,3.77
12/24/09,3.82
12/28/09,3.85
12/29/09,3.82
12/30/09,3.8
12/31/09,3.85
1/4/10,3.85
1/5/10,3.77
1/6/10,3.85
1/7/10,3.85
1/8/10,3.83
1/11/10,3.85
1/12/10,3.74
1/13/10,3.8
1/14/10,3.76
1/15/10,3.7
1/19/10,3.73
1/20/10,3.68
1/21/10,3.62
1/22/10,3.62
1/25/10,3.66
1/26/10,3.65
1/27/10,3.66
1/28/10,3.68
1/29/10,3.63
2/1/10,3.68
2/2/10,3.67
2/3/10,3.73
2/4/10,3.62
2/5/10,3.59
2/8/10,3.62
2/9/10,3.67
2/10/10,3.72
2/11/10,3.73
2/12/10,3.69
2/16/10,3.66
2/17/10,3.74
2/18/10,3.79
2/19/10,3.78
2/22/10,3.8
2/23/10,3.69
2/24/10,3.7
2/25/10,3.64
2/26/10,3.61
3/1/10,3.61
3/2/10,3.62
3/3/10,3.63
3/4/10,3.61
3/5/10,3.69
3/8/10,3.72
3/9/10,3.71
3/10/10,3.73
3/11/10,3.73
3/12/10,3.71
3/15/10,3.71
3/16/10,3.66
3/17/10,3.65
3/18/10,3.68
3/19/10,3.7
3/22/10,3.67
3/23/10,3.69
3/24/10,3.84
3/25/10,3.91
3/26/10,3.86
3/29/10,3.88
3/30/10,3.88
3/31/10,3.84
4/1/10,3.89
4/2/10,3.96
4/5/10,4.01
4/6/10,3.98
4/7/10,3.89
4/8/10,3.91
4/9/10,3.9
4/12/10,3.87
4/13/10,3.84
4/14/10,3.88
4/15/10,3.86
4/16/10,3.79
4/19/10,3.83
4/20/10,3.82
4/21/10,3.77
4/22/10,3.8
4/23/10,3.84
4/26/10,3.83
4/27/10,3.71
4/28/10,3.8
4/29/10,3.76
4/30/10,3.69
5/3/10,3.72
5/4/10,3.63
5/5/10,3.58
5/6/10,3.41
5/7/10,3.45
5/10/10,3.57
5/11/10,3.56
5/12/10,3.56
5/13/10,3.55
5/14/10,3.44
5/17/10,3.47
5/18/10,3.38
5/19/10,3.36
5/20/10,3.25
5/21/10,3.2
5/24/10,3.23
5/25/10,3.18
5/26/10,3.21
5/27/10,3.34
5/28/10,3.31
6/1/10,3.29
6/2/10,3.35
6/3/10,3.39
6/4/10,3.2
6/7/10,3.17
6/8/10,3.18
6/9/10,3.2
6/10/10,3.33
6/11/10,3.24
6/14/10,3.28
6/15/10,3.32
6/16/10,3.27
6/17/10,3.21
6/18/10,3.24
6/21/10,3.26
6/22/10,3.18
6/23/10,3.13
6/24/10,3.14
6/25/10,3.12
6/28/10,3.05
6/29/10,2.97
6/30/10,2.97
7/1/10,2.96
7/2/10,3
7/6/10,2.95
7/7/10,3
7/8/10,3.04
7/9/10,3.07
7/12/10,3.08
7/13/10,3.15
7/14/10,3.07
7/15/10,3
7/16/10,2.96
7/19/10,2.99
7/20/10,2.98
7/21/10,2.9
7/22/10,2.96
7/23/10,3.02
7/26/10,3.03
7/27/10,3.08
7/28/10,3.03
7/29/10,3.03
7/30/10,2.94
8/2/10,2.99
8/3/10,2.94
8/4/10,2.98
8/5/10,2.94
8/6/10,2.86
8/9/10,2.86
8/10/10,2.79
8/11/10,2.72
8/12/10,2.74
8/13/10,2.68
8/16/10,2.58
8/17/10,2.64
8/18/10,2.64
8/19/10,2.58
8/20/10,2.62
8/23/10,2.6
8/24/10,2.5
8/25/10,2.54
8/26/10,2.5
8/27/10,2.66
8/30/10,2.54
8/31/10,2.47
9/1/10,2.58
9/2/10,2.63
9/3/10,2.72
9/7/10,2.61
9/8/10,2.66
9/9/10,2.77
9/10/10,2.81
9/13/10,2.74
9/14/10,2.68
9/15/10,2.74
9/16/10,2.77
9/17/10,2.75
9/20/10,2.72
9/21/10,2.61
9/22/10,2.56
9/23/10,2.56
9/24/10,2.62
9/27/10,2.54
9/28/10,2.48
9/29/10,2.52
9/30/10,2.53
10/1/10,2.54
10/4/10,2.5
10/5/10,2.5
10/6/10,2.41
10/7/10,2.41
10/8/10,2.41
10/12/10,2.44
10/13/10,2.46
10/14/10,2.52
10/15/10,2.59
10/18/10,2.52
10/19/10,2.5
10/20/10,2.51
10/21/10,2.57
10/22/10,2.59
10/25/10,2.59
10/26/10,2.67
10/27/10,2.75
10/28/10,2.69
10/29/10,2.63
11/1/10,2.66
11/2/10,2.63
11/3/10,2.67
11/4/10,2.53
11/5/10,2.58
11/8/10,2.6
11/9/10,2.72
11/10/10,2.65
11/12/10,2.76
11/15/10,2.92
11/16/10,2.85
11/17/10,2.89
11/18/10,2.9
11/19/10,2.88
11/22/10,2.8
11/23/10,2.77
11/24/10,2.93
11/26/10,2.87
11/29/10,2.84
11/30/10,2.81
12/1/10,2.97
12/2/10,3.01
12/3/10,3.03
12/6/10,2.95
12/7/10,3.15
12/8/10,3.26
12/9/10,3.23
12/10/10,3.32
12/13/10,3.29
12/14/10,3.49
12/15/10,3.53
12/16/10,3.47
12/17/10,3.33
12/20/10,3.36
12/21/10,3.35
12/22/10,3.36
12/23/10,3.41
12/27/10,3.36
12/28/10,3.5
12/29/10,3.35
12/30/10,3.38
12/31/10,3.3
1/3/11,3.36
1/4/11,3.36
1/5/11,3.5
1/6/11,3.44
1/7/11,3.34
1/10/11,3.32
1/11/11,3.37
1/12/11,3.4
1/13/11,3.34
1/14/11,3.35
1/18/11,3.39
1/19/11,3.37
1/20/11,3.47
1/21/11,3.44
1/24/11,3.43
1/25/11,3.35
1/26/11,3.45
1/27/11,3.42
1/28/11,3.36
1/31/11,3.42
2/1/11,3.48
2/2/11,3.52
2/3/11,3.58
2/4/11,3.68
2/7/11,3.68
2/8/11,3.75
2/9/11,3.65
2/10/11,3.7
2/11/11,3.64
2/14/11,3.62
2/15/11,3.61
2/16/11,3.62
2/17/11,3.58
2/18/11,3.59
2/22/11,3.46
2/23/11,3.49
2/24/11,3.46
2/25/11,3.42
2/28/11,3.42
3/1/11,3.41
3/2/11,3.46
3/3/11,3.58
3/4/11,3.49
3/7/11,3.51
3/8/11,3.56
3/9/11,3.48
3/10/11,3.37
3/11/11,3.4
3/14/11,3.36
3/15/11,3.33
3/16/11,3.22
3/17/11,3.25
3/18/11,3.28
3/21/11,3.34
3/22/11,3.34
3/23/11,3.36
3/24/11,3.42
3/25/11,3.46
3/28/11,3.47
3/29/11,3.5
3/30/11,3.47
3/31/11,3.47
4/1/11,3.46
4/4/11,3.45
4/5/11,3.5
4/6/11,3.56
4/7/11,3.58
4/8/11,3.59
4/11/11,3.59
4/12/11,3.52
4/13/11,3.49
4/14/11,3.51
4/15/11,3.43
4/18/11,3.4
4/19/11,3.39
4/20/11,3.43
4/21/11,3.42
4/25/11,3.39
4/26/11,3.34
4/27/11,3.39
4/28/11,3.34
4/29/11,3.32
5/2/11,3.31
5/3/11,3.28
5/4/11,3.25
5/5/11,3.18
5/6/11,3.19
5/9/11,3.17
5/10/11,3.23
5/11/11,3.19
5/12/11,3.22
5/13/11,3.18
5/16/11,3.15
5/17/11,3.12
5/18/11,3.18
5/19/11,3.17
5/20/11,3.15
5/23/11,3.13
5/24/11,3.12
5/25/11,3.13
5/26/11,3.07
5/27/11,3.07
5/31/11,3.05
6/1/11,2.96
6/2/11,3.04
6/3/11,2.99
6/6/11,3.01
6/7/11,3.01
6/8/11,2.98
6/9/11,3.01
6/10/11,2.99
6/13/11,3
6/14/11,3.11
6/15/11,2.98
6/16/11,2.93
6/17/11,2.94
6/20/11,2.97
6/21/11,2.99
6/22/11,3.01
6/23/11,2.93
6/24/11,2.88
6/27/11,2.95
6/28/11,3.05
6/29/11,3.14
6/30/11,3.18
7/1/11,3.22
7/5/11,3.16
7/6/11,3.12
7/7/11,3.17
7/8/11,3.03
7/11/11,2.94
7/12/11,2.92
7/13/11,2.92
7/14/11,2.98
7/15/11,2.94
7/18/11,2.94
7/19/11,2.91
7/20/11,2.96
7/21/11,3.03
7/22/11,2.99
7/25/11,3.03
7/26/11,2.99
7/27/11,3.01
7/28/11,2.98
7/29/11,2.82
8/1/11,2.77
8/2/11,2.66
8/3/11,2.64
8/4/11,2.47
8/5/11,2.58
8/8/11,2.4
8/9/11,2.2
8/10/11,2.17
8/11/11,2.34
8/12/11,2.24
8/15/11,2.29
8/16/11,2.23
8/17/11,2.17
8/18/11,2.08
8/19/11,2.07
8/22/11,2.1
8/23/11,2.15
8/24/11,2.29
8/25/11,2.23
8/26/11,2.19
8/29/11,2.28
8/30/11,2.19
8/31/11,2.23
9/1/11,2.15
9/2/11,2.02
9/6/11,1.98
9/7/11,2.05
9/8/11,2
9/9/11,1.93
9/12/11,1.94
9/13/11,2
9/14/11,2.03
9/15/11,2.09
9/16/11,2.08
9/19/11,1.97
9/20/11,1.95
9/21/11,1.88
9/22/11,1.72
9/23/11,1.84
9/26/11,1.91
9/27/11,2
9/28/11,2.03
9/29/11,1.99
9/30/11,1.92
10/3/11,1.8
10/4/11,1.81
10/5/11,1.92
10/6/11,2.01
10/7/11,2.1
10/11/11,2.18
10/12/11,2.24
10/13/11,2.19
10/14/11,2.26
10/17/11,2.18
10/18/11,2.19
10/19/11,2.18
10/20/11,2.2
10/21/11,2.23
10/24/11,2.25
10/25/11,2.14
10/26/11,2.23
10/27/11,2.42
10/28/11,2.34
10/31/11,2.17
11/1/11,2.01
11/2/11,2.03
11/3/11,2.09
11/4/11,2.06
11/7/11,2.04
11/8/11,2.1
11/9/11,2
11/10/11,2.04
11/14/11,2.04
11/15/11,2.06
11/16/11,2.01
11/17/11,1.96
11/18/11,2.01
11/21/11,1.97
11/22/11,1.94
11/23/11,1.89
11/25/11,1.97
11/28/11,1.97
11/29/11,2
11/30/11,2.08
12/1/11,2.11
12/2/11,2.05
12/5/11,2.04
12/6/11,2.08
12/7/11,2.02
12/8/11,1.99
12/9/11,2.07
12/12/11,2.03
12/13/11,1.96
12/14/11,1.92
12/15/11,1.92
12/16/11,1.86
12/19/11,1.82
12/20/11,1.94
12/21/11,1.98
12/22/11,1.97
12/23/11,2.03
12/27/11,2.02
12/28/11,1.93
12/29/11,1.91
12/30/11,1.89
1/3/12,1.97
1/4/12,2
1/5/12,2.02
1/6/12,1.98
1/9/12,1.98
1/10/12,2
1/11/12,1.93
1/12/12,1.94
1/13/12,1.89
1/17/12,1.87
1/18/12,1.92
1/19/12,2.01
1/20/12,2.05
1/23/12,2.09
1/24/12,2.08
1/25/12,2.01
1/26/12,1.96
1/27/12,1.93
1/30/12,1.87
1/31/12,1.83
2/1/12,1.87
2/2/12,1.86
2/3/12,1.97
2/6/12,1.93
2/7/12,2
2/8/12,2.01
2/9/12,2.04
2/10/12,1.96
2/13/12,1.99
2/14/12,1.92
2/15/12,1.93
2/16/12,1.99
2/17/12,2.01
2/21/12,2.05
2/22/12,2.01
2/23/12,1.99
2/24/12,1.98
2/27/12,1.92
2/28/12,1.94
2/29/12,1.98
3/1/12,2.03
3/2/12,1.99
3/5/12,2
3/6/12,1.96
3/7/12,1.98
3/8/12,2.03
3/9/12,2.04
3/12/12,2.04
3/13/12,2.14
3/14/12,2.29
3/15/12,2.29
3/16/12,2.31
3/19/12,2.39
3/20/12,2.38
3/21/12,2.31
3/22/12,2.29
3/23/12,2.25
3/26/12,2.26
3/27/12,2.2
3/28/12,2.21
3/29/12,2.18
3/30/12,2.23
4/2/12,2.22
4/3/12,2.3
4/4/12,2.25
4/5/12,2.19
4/6/12,2.07
4/9/12,2.06
4/10/12,2.01
4/11/12,2.05
4/12/12,2.08
4/13/12,2.02
4/16/12,2
4/17/12,2.03
4/18/12,2
4/19/12,1.98
4/20/12,1.99
4/23/12,1.96
4/24/12,2
4/25/12,2.01
4/26/12,1.98
4/27/12,1.96
4/30/12,1.95
5/1/12,1.98
5/2/12,1.96
5/3/12,1.96
5/4/12,1.91
5/7/12,1.92
5/8/12,1.88
5/9/12,1.87
5/10/12,1.89
5/11/12,1.84
5/14/12,1.78
5/15/12,1.76
5/16/12,1.76
5/17/12,1.7
5/18/12,1.71
5/21/12,1.75
5/22/12,1.79
5/23/12,1.73
5/24/12,1.77
5/25/12,1.75
5/29/12,1.74
5/30/12,1.63
5/31/12,1.59
6/1/12,1.47
6/4/12,1.53
6/5/12,1.57
6/6/12,1.66
6/7/12,1.66
6/8/12,1.65
6/11/12,1.6
6/12/12,1.67
6/13/12,1.61
6/14/12,1.64
6/15/12,1.6
6/18/12,1.59
6/19/12,1.64
6/20/12,1.65
6/21/12,1.63
6/22/12,1.69
6/25/12,1.63
6/26/12,1.66
6/27/12,1.65
6/28/12,1.6
6/29/12,1.67
7/2/12,1.61
7/3/12,1.65
7/5/12,1.62
7/6/12,1.57
7/9/12,1.53
7/10/12,1.53
7/11/12,1.54
7/12/12,1.5
7/13/12,1.52
7/16/12,1.5
7/17/12,1.53
7/18/12,1.52
7/19/12,1.54
7/20/12,1.49
7/23/12,1.47
7/24/12,1.44
7/25/12,1.43
7/26/12,1.45
7/27/12,1.58
7/30/12,1.53
7/31/12,1.51
8/1/12,1.56
8/2/12,1.51
8/3/12,1.6
8/6/12,1.59
8/7/12,1.66
8/8/12,1.68
8/9/12,1.69
8/10/12,1.65
8/13/12,1.65
8/14/12,1.73
8/15/12,1.8
8/16/12,1.83
8/17/12,1.81
8/20/12,1.82
8/21/12,1.8
8/22/12,1.71
8/23/12,1.68
8/24/12,1.68
8/27/12,1.65
8/28/12,1.64
8/29/12,1.66
8/30/12,1.63
8/31/12,1.57
9/4/12,1.59
9/5/12,1.6
9/6/12,1.68
9/7/12,1.67
9/10/12,1.68
9/11/12,1.7
9/12/12,1.77
9/13/12,1.75
9/14/12,1.88
9/17/12,1.85
9/18/12,1.82
9/19/12,1.79
9/20/12,1.8
9/21/12,1.77
9/24/12,1.74
9/25/12,1.7
9/26/12,1.64
9/27/12,1.66
9/28/12,1.65
10/1/12,1.64
10/2/12,1.64
10/3/12,1.64
10/4/12,1.7
10/5/12,1.75
10/9/12,1.74
10/10/12,1.72
10/11/12,1.7
10/12/12,1.69
10/15/12,1.7
10/16/12,1.75
10/17/12,1.83
10/18/12,1.86
10/19/12,1.79
10/22/12,1.83
10/23/12,1.79
10/24/12,1.8
10/25/12,1.86
10/26/12,1.78
10/29/12,1.74
10/31/12,1.72
11/1/12,1.75
11/2/12,1.75
11/5/12,1.72
11/6/12,1.78
11/7/12,1.68
11/8/12,1.62
11/9/12,1.61
11/13/12,1.59
11/14/12,1.59
11/15/12,1.58
11/16/12,1.58
11/19/12,1.61
11/20/12,1.66
11/21/12,1.69
11/23/12,1.7
11/26/12,1.66
11/27/12,1.64
11/28/12,1.63
11/29/12,1.62
11/30/12,1.62
12/3/12,1.63
12/4/12,1.62
12/5/12,1.6
12/6/12,1.59
12/7/12,1.64
12/10/12,1.63
12/11/12,1.66
12/12/12,1.72
12/13/12,1.74
12/14/12,1.72
12/17/12,1.78
12/18/12,1.84
12/19/12,1.82
12/20/12,1.81
12/21/12,1.77
12/24/12,1.79
12/26/12,1.77
12/27/12,1.74
12/28/12,1.73
12/31/12,1.78
1/2/13,1.86
1/3/13,1.92
1/4/13,1.93
1/7/13,1.92
1/8/13,1.89
1/9/13,1.88
1/10/13,1.91
1/11/13,1.89
1/14/13,1.89
1/15/13,1.86
1/16/13,1.84
1/17/13,1.89
1/18/13,1.87
1/22/13,1.86
1/23/13,1.86
1/24/13,1.88
1/25/13,1.98
1/28/13,2
1/29/13,2.03
1/30/13,2.03
1/31/13,2.02
2/1/13,2.04
2/4/13,2
2/5/13,2.04
2/6/13,2
2/7/13,1.99
2/8/13,1.99
2/11/13,1.99
2/12/13,2.02
2/13/13,2.05
2/14/13,2
2/15/13,2.01
2/19/13,2.03
2/20/13,2.02
2/21/13,1.99
2/22/13,1.97
2/25/13,1.88
2/26/13,1.88
2/27/13,1.91
2/28/13,1.89
3/1/13,1.86
3/4/13,1.88
3/5/13,1.9
3/6/13,1.95
3/7/13,2
3/8/13,2.06
3/11/13,2.07
3/12/13,2.03
3/13/13,2.04
3/14/13,2.04
3/15/13,2.01
3/18/13,1.96
3/19/13,1.92
3/20/13,1.96
3/21/13,1.95
3/22/13,1.93
3/25/13,1.93
3/26/13,1.92
3/27/13,1.87
3/28/13,1.87
4/1/13,1.86
4/2/13,1.88
4/3/13,1.83
4/4/13,1.78
4/5/13,1.72
4/8/13,1.76
4/9/13,1.78
4/10/13,1.84
4/11/13,1.82
4/12/13,1.75
4/15/13,1.72
4/16/13,1.75
4/17/13,1.73
4/18/13,1.72
4/19/13,1.73
4/22/13,1.72
4/23/13,1.74
4/24/13,1.73
4/25/13,1.74
4/26/13,1.7
4/29/13,1.7
4/30/13,1.7
5/1/13,1.66
5/2/13,1.66
5/3/13,1.78
5/6/13,1.8
5/7/13,1.82
5/8/13,1.81
5/9/13,1.81
5/10/13,1.9
5/13/13,1.92
5/14/13,1.96
5/15/13,1.94
5/16/13,1.87
5/17/13,1.95
5/20/13,1.97
5/21/13,1.94
5/22/13,2.03
5/23/13,2.02
5/24/13,2.01
5/28/13,2.15
5/29/13,2.13
5/30/13,2.13
5/31/13,2.16
6/3/13,2.13
6/4/13,2.14
6/5/13,2.1
6/6/13,2.08
6/7/13,2.17
6/10/13,2.22
6/11/13,2.2
6/12/13,2.25
6/13/13,2.19
6/14/13,2.14
6/17/13,2.19
6/18/13,2.2
6/19/13,2.33
6/20/13,2.41
6/21/13,2.52
6/24/13,2.57
6/25/13,2.6
6/26/13,2.55
6/27/13,2.49
6/28/13,2.52
7/1/13,2.5
7/2/13,2.48
7/3/13,2.52
7/5/13,2.73
7/8/13,2.65
7/9/13,2.65
7/10/13,2.7
7/11/13,2.6
7/12/13,2.61
7/15/13,2.57
7/16/13,2.55
7/17/13,2.52
7/18/13,2.56
7/19/13,2.5
7/22/13,2.5
7/23/13,2.53
7/24/13,2.61
7/25/13,2.61
7/26/13,2.58
7/29/13,2.61
7/30/13,2.63
7/31/13,2.6
8/1/13,2.74
8/2/13,2.63
8/5/13,2.67
8/6/13,2.67
8/7/13,2.61
8/8/13,2.58
8/9/13,2.57
8/12/13,2.61
8/13/13,2.71
8/14/13,2.71
8/15/13,2.77
8/16/13,2.84
8/19/13,2.88
8/20/13,2.82
8/21/13,2.87
8/22/13,2.9
8/23/13,2.82
8/26/13,2.79
8/27/13,2.72
8/28/13,2.78
8/29/13,2.75
8/30/13,2.78
9/3/13,2.86
9/4/13,2.9
9/5/13,2.98
9/6/13,2.94
9/9/13,2.9
9/10/13,2.96
9/11/13,2.93
9/12/13,2.92
9/13/13,2.9
9/16/13,2.88
9/17/13,2.86
9/18/13,2.69
9/19/13,2.76
9/20/13,2.75
9/23/13,2.72
9/24/13,2.67
9/25/13,2.63
9/26/13,2.66
9/27/13,2.64
9/30/13,2.64
10/1/13,2.66
10/2/13,2.63
10/3/13,2.62
10/4/13,2.66
10/7/13,2.65
10/8/13,2.66
10/9/13,2.68
10/10/13,2.71
10/11/13,2.7
10/15/13,2.75
10/16/13,2.69
10/17/13,2.61
10/18/13,2.6
10/21/13,2.63
10/22/13,2.54
10/23/13,2.51
10/24/13,2.53
10/25/13,2.53
10/28/13,2.54
10/29/13,2.53
10/30/13,2.55
10/31/13,2.57
11/1/13,2.65
11/4/13,2.63
11/5/13,2.69
11/6/13,2.67
11/7/13,2.63
11/8/13,2.77
11/12/13,2.8
11/13/13,2.75
11/14/13,2.69
11/15/13,2.71
11/18/13,2.67
11/19/13,2.71
11/20/13,2.8
11/21/13,2.79
11/22/13,2.75
11/25/13,2.74
11/26/13,2.71
11/27/13,2.74
11/29/13,2.75
12/2/13,2.81
12/3/13,2.79
12/4/13,2.84
12/5/13,2.88
12/6/13,2.88
12/9/13,2.86
12/10/13,2.81
12/11/13,2.86
12/12/13,2.89
12/13/13,2.88
12/16/13,2.89
12/17/13,2.85
12/18/13,2.89
12/19/13,2.94
12/20/13,2.89
12/23/13,2.94
12/24/13,2.99
12/26/13,3
12/27/13,3.02
12/30/13,2.99
12/31/13,3.04
1/2/14,3
1/3/14,3.01
1/6/14,2.98
1/7/14,2.96
1/8/14,3.01
1/9/14,2.97
1/10/14,2.88
1/13/14,2.84
1/14/14,2.88
1/15/14,2.9
1/16/14,2.86
1/17/14,2.84
1/21/14,2.85
1/22/14,2.87
1/23/14,2.79
1/24/14,2.75
1/27/14,2.78
1/28/14,2.77
1/29/14,2.69
1/30/14,2.72
1/31/14,2.67
2/3/14,2.61
2/4/14,2.64
2/5/14,2.7
2/6/14,2.73
2/7/14,2.71
2/10/14,2.7
2/11/14,2.75
2/12/14,2.8
2/13/14,2.73
2/14/14,2.75
2/18/14,2.71
2/19/14,2.73
2/20/14,2.76
2/21/14,2.73
2/24/14,2.75
2/25/14,2.7
2/26/14,2.67
2/27/14,2.65
2/28/14,2.66
3/3/14,2.6
3/4/14,2.7
3/5/14,2.7
3/6/14,2.74
3/7/14,2.8
3/10/14,2.79
3/11/14,2.77
3/12/14,2.73
3/13/14,2.66
3/14/14,2.65
3/17/14,2.7
3/18/14,2.68
3/19/14,2.78
3/20/14,2.79
3/21/14,2.75
3/24/14,2.74
3/25/14,2.75
3/26/14,2.71
3/27/14,2.69
3/28/14,2.73
3/31/14,2.73
4/1/14,2.77
4/2/14,2.82
4/3/14,2.8
4/4/14,2.74
4/7/14,2.71
4/8/14,2.69
4/9/14,2.71
4/10/14,2.65
4/11/14,2.63
4/14/14,2.65
4/15/14,2.64
4/16/14,2.65
4/17/14,2.73
4/21/14,2.73
4/22/14,2.73
4/23/14,2.7
4/24/14,2.7
4/25/14,2.68
4/28/14,2.7
4/29/14,2.71
4/30/14,2.67
5/1/14,2.63
5/2/14,2.6
5/5/14,2.63
5/6/14,2.61
5/7/14,2.62
5/8/14,2.61
5/9/14,2.62
5/12/14,2.66
5/13/14,2.61
5/14/14,2.54
5/15/14,2.5
5/16/14,2.52
5/19/14,2.54
5/20/14,2.52
5/21/14,2.54
5/22/14,2.56
5/23/14,2.54
5/27/14,2.52
5/28/14,2.44
5/29/14,2.45
5/30/14,2.48
6/2/14,2.54
6/3/14,2.6
6/4/14,2.61
6/5/14,2.59
6/6/14,2.6
6/9/14,2.62
6/10/14,2.64
6/11/14,2.65
6/12/14,2.58
6/13/14,2.6
6/16/14,2.61
6/17/14,2.66
6/18/14,2.61
6/19/14,2.64
6/20/14,2.63
6/23/14,2.63
6/24/14,2.59
6/25/14,2.57
6/26/14,2.53
6/27/14,2.54
6/30/14,2.53
7/1/14,2.58
7/2/14,2.64
7/3/14,2.65
7/7/14,2.63
7/8/14,2.58
7/9/14,2.57
7/10/14,2.55
7/11/14,2.53
7/14/14,2.55
7/15/14,2.56
7/16/14,2.55
7/17/14,2.47
7/18/14,2.5
7/21/14,2.49
7/22/14,2.48
7/23/14,2.48
7/24/14,2.52
7/25/14,2.48
7/28/14,2.5
7/29/14,2.47
7/30/14,2.57
7/31/14,2.58
8/1/14,2.52
8/4/14,2.51
8/5/14,2.49
8/6/14,2.49
8/7/14,2.43
8/8/14,2.44
8/11/14,2.44
8/12/14,2.46
8/13/14,2.43
8/14/14,2.4
8/15/14,2.34
8/18/14,2.39
8/19/14,2.4
8/20/14,2.43
8/21/14,2.41
8/22/14,2.4
8/25/14,2.39
8/26/14,2.39
8/27/14,2.37
8/28/14,2.34
8/29/14,2.35
9/2/14,2.42
9/3/14,2.41
9/4/14,2.45
9/5/14,2.46
9/8/14,2.48
9/9/14,2.5
9/10/14,2.54
9/11/14,2.54
9/12/14,2.62
9/15/14,2.6
9/16/14,2.6
9/17/14,2.62
9/18/14,2.63
9/19/14,2.59
9/22/14,2.57
9/23/14,2.54
9/24/14,2.57
9/25/14,2.52
9/26/14,2.54
9/29/14,2.5
9/30/14,2.52
10/1/14,2.42
10/2/14,2.44
10/3/14,2.45
10/6/14,2.43
10/7/14,2.36
10/8/14,2.35
10/9/14,2.34
10/10/14,2.31
10/14/14,2.21
10/15/14,2.15
10/16/14,2.17
10/17/14,2.22
10/20/14,2.2
10/21/14,2.23
10/22/14,2.25
10/23/14,2.29
10/24/14,2.29
10/27/14,2.27
10/28/14,2.3
10/29/14,2.34
10/30/14,2.32
10/31/14,2.35
11/3/14,2.36
11/4/14,2.35
11/5/14,2.36
11/6/14,2.39
11/7/14,2.32
11/10/14,2.38
11/12/14,2.37
11/13/14,2.35
11/14/14,2.32
11/17/14,2.34
11/18/14,2.32
11/19/14,2.36
11/20/14,2.34
11/21/14,2.31
11/24/14,2.3
11/25/14,2.27
11/26/14,2.24
11/28/14,2.18
12/1/14,2.22
12/2/14,2.28
12/3/14,2.29
12/4/14,2.25
12/5/14,2.31
12/8/14,2.26
12/9/14,2.22
12/10/14,2.18
12/11/14,2.19
12/12/14,2.1
12/15/14,2.12
12/16/14,2.07
12/17/14,2.14
12/18/14,2.22
12/19/14,2.17
12/22/14,2.17
12/23/14,2.26
12/24/14,2.27
12/26/14,2.25
12/29/14,2.22
12/30/14,2.2
12/31/14,2.17
1/2/15,2.12
1/5/15,2.04
1/6/15,1.97
1/7/15,1.96
1/8/15,2.03
1/9/15,1.98
1/12/15,1.92
1/13/15,1.91
1/14/15,1.86
1/15/15,1.77
1/16/15,1.83
1/20/15,1.82
1/21/15,1.87
1/22/15,1.9
1/23/15,1.81
1/26/15,1.83
1/27/15,1.83
1/28/15,1.73
1/29/15,1.77
1/30/15,1.68
2/2/15,1.68
2/3/15,1.79
2/4/15,1.81
2/5/15,1.83
2/6/15,1.95
2/9/15,1.96
2/10/15,2.01
2/11/15,2
2/12/15,1.99
2/13/15,2.02
2/17/15,2.14
2/18/15,2.07
2/19/15,2.11
2/20/15,2.13
2/23/15,2.06
2/24/15,1.99
2/25/15,1.96
2/26/15,2.03
2/27/15,2
3/2/15,2.08
3/3/15,2.12
3/4/15,2.12
3/5/15,2.11
3/6/15,2.24
3/9/15,2.2
3/10/15,2.14
3/11/15,2.11
3/12/15,2.1
3/13/15,2.13
3/16/15,2.1
3/17/15,2.06
3/18/15,1.93
3/19/15,1.98
3/20/15,1.93
3/23/15,1.92
3/24/15,1.88
3/25/15,1.93
3/26/15,2.01
3/27/15,1.95
3/30/15,1.96
3/31/15,1.94
4/1/15,1.87
4/2/15,1.92
4/3/15,1.85
4/6/15,1.92
4/7/15,1.89
4/8/15,1.92
4/9/15,1.97
4/10/15,1.96
4/13/15,1.94
4/14/15,1.9
4/15/15,1.91
4/16/15,1.9
4/17/15,1.87
4/20/15,1.9
4/21/15,1.92
4/22/15,1.99
4/23/15,1.96
4/24/15,1.93
4/27/15,1.94
4/28/15,2
4/29/15,2.06
4/30/15,2.05
5/1/15,2.12
5/4/15,2.16
5/5/15,2.19
5/6/15,2.25
5/7/15,2.18
5/8/15,2.16
5/11/15,2.28
5/12/15,2.28
5/13/15,2.27
5/14/15,2.23
5/15/15,2.14
5/18/15,2.23
5/19/15,2.27
5/20/15,2.26
5/21/15,2.19
5/22/15,2.21
5/26/15,2.14
5/27/15,2.14
5/28/15,2.13
5/29/15,2.12
6/1/15,2.19
6/2/15,2.27
6/3/15,2.38
6/4/15,2.31
6/5/15,2.41
6/8/15,2.39
6/9/15,2.42
6/10/15,2.5
6/11/15,2.39
6/12/15,2.39
6/15/15,2.36
6/16/15,2.32
6/17/15,2.32
6/18/15,2.35
6/19/15,2.26
6/22/15,2.37
6/23/15,2.42
6/24/15,2.38
6/25/15,2.4
6/26/15,2.49
6/29/15,2.33
6/30/15,2.35
7/1/15,2.43
7/2/15,2.4
7/6/15,2.3
7/7/15,2.27
7/8/15,2.22
7/9/15,2.32
7/10/15,2.42
7/13/15,2.44
7/14/15,2.41
7/15/15,2.36
7/16/15,2.36
7/17/15,2.34
7/20/15,2.38
7/21/15,2.35
7/22/15,2.33
7/23/15,2.28
7/24/15,2.27
7/27/15,2.23
7/28/15,2.26
7/29/15,2.29
7/30/15,2.28
7/31/15,2.2
8/3/15,2.16
8/4/15,2.23
8/5/15,2.28
8/6/15,2.23
8/7/15,2.18
8/10/15,2.24
8/11/15,2.15
8/12/15,2.14
8/13/15,2.19
8/14/15,2.2
8/17/15,2.16
8/18/15,2.2
8/19/15,2.12
8/20/15,2.09
8/21/15,2.05
8/24/15,2.01
8/25/15,2.12
8/26/15,2.18
8/27/15,2.18
8/28/15,2.19
8/31/15,2.21
9/1/15,2.17
9/2/15,2.2
9/3/15,2.18
9/4/15,2.13
9/8/15,2.2
9/9/15,2.21
9/10/15,2.23
9/11/15,2.2
9/14/15,2.18
9/15/15,2.28
9/16/15,2.3
9/17/15,2.21
9/18/15,2.13
9/21/15,2.2
9/22/15,2.14
9/23/15,2.16
9/24/15,2.13
9/25/15,2.17
9/28/15,2.1
9/29/15,2.05
9/30/15,2.06
10/1/15,2.05
10/2/15,1.99
10/5/15,2.07
10/6/15,2.05
10/7/15,2.08
10/8/15,2.12
10/9/15,2.12
10/13/15,2.06
10/14/15,1.99
10/15/15,2.04
10/16/15,2.04
10/19/15,2.04
10/20/15,2.08
10/21/15,2.04
10/22/15,2.04
10/23/15,2.09
10/26/15,2.07
10/27/15,2.05
10/28/15,2.1
10/29/15,2.19
10/30/15,2.16
11/2/15,2.2
11/3/15,2.23
11/4/15,2.25
11/5/15,2.26
11/6/15,2.34
11/9/15,2.36
11/10/15,2.32
11/12/15,2.32
11/13/15,2.28
11/16/15,2.27
11/17/15,2.25
11/18/15,2.27
11/19/15,2.24
11/20/15,2.26
11/23/15,2.25
11/24/15,2.24
11/25/15,2.23
11/27/15,2.22
11/30/15,2.21
12/1/15,2.15
12/2/15,2.18
12/3/15,2.33
12/4/15,2.28
12/7/15,2.23
12/8/15,2.24
12/9/15,2.22
12/10/15,2.24
12/11/15,2.13
12/14/15,2.23
12/15/15,2.28
12/16/15,2.3
12/17/15,2.24
12/18/15,2.19
12/21/15,2.2
12/22/15,2.24
12/23/15,2.27
12/24/15,2.25
12/28/15,2.24
12/29/15,2.32
12/30/15,2.31
12/31/15,2.27
1/4/16,2.24
1/5/16,2.25
1/6/16,2.18
1/7/16,2.16
1/8/16,2.13
1/11/16,2.17
1/12/16,2.12
1/13/16,2.08
1/14/16,2.1
1/15/16,2.03
1/19/16,2.06
1/20/16,2.01
1/21/16,2.02
1/22/16,2.07
1/25/16,2.03
1/26/16,2.01
1/27/16,2.02
1/28/16,2
1/29/16,1.94
2/1/16,1.97
2/2/16,1.87
2/3/16,1.88
2/4/16,1.87
2/5/16,1.86
2/8/16,1.75
2/9/16,1.74
2/10/16,1.71
2/11/16,1.63
2/12/16,1.74
2/16/16,1.78
2/17/16,1.81
2/18/16,1.75
2/19/16,1.76
2/22/16,1.77
2/23/16,1.74
2/24/16,1.75
2/25/16,1.71
2/26/16,1.76
2/29/16,1.74
3/1/16,1.83
3/2/16,1.84
3/3/16,1.83
3/4/16,1.88
3/7/16,1.91
3/8/16,1.83
3/9/16,1.9
3/10/16,1.93
3/11/16,1.98
3/14/16,1.97
3/15/16,1.97
3/16/16,1.94
3/17/16,1.91
3/18/16,1.88
3/21/16,1.92
3/22/16,1.94
3/23/16,1.88
3/24/16,1.91
3/28/16,1.89
3/29/16,1.81
3/30/16,1.83
3/31/16,1.78
4/1/16,1.79
4/4/16,1.78
4/5/16,1.73
4/6/16,1.76
4/7/16,1.7
4/8/16,1.72
4/11/16,1.73
4/12/16,1.79
4/13/16,1.77
4/14/16,1.8
4/15/16,1.76
4/18/16,1.78
4/19/16,1.79
4/20/16,1.85
4/21/16,1.88
4/22/16,1.89
4/25/16,1.91
4/26/16,1.94
4/27/16,1.87
4/28/16,1.84
4/29/16,1.83
5/2/16,1.88
5/3/16,1.81
5/4/16,1.79
5/5/16,1.76
5/6/16,1.79
5/9/16,1.77
5/10/16,1.77
5/11/16,1.73
5/12/16,1.75
5/13/16,1.71
5/16/16,1.75
5/17/16,1.76
5/18/16,1.87
5/19/16,1.85
5/20/16,1.85
5/23/16,1.84
5/24/16,1.86
5/25/16,1.87
5/26/16,1.83
5/27/16,1.85
5/31/16,1.84
6/1/16,1.85
6/2/16,1.81
6/3/16,1.71
6/6/16,1.73
6/7/16,1.72
6/8/16,1.71
6/9/16,1.68
6/10/16,1.64
6/13/16,1.62
6/14/16,1.62
6/15/16,1.6
6/16/16,1.57
6/17/16,1.62
6/20/16,1.67
6/21/16,1.71
6/22/16,1.69
6/23/16,1.74
6/24/16,1.57
6/27/16,1.46
6/28/16,1.46
6/29/16,1.5
6/30/16,1.49
7/1/16,1.46
7/5/16,1.37
7/6/16,1.38
7/7/16,1.4
7/8/16,1.37
7/11/16,1.43
7/12/16,1.53
7/13/16,1.48
7/14/16,1.53
7/15/16,1.6
7/18/16,1.59
7/19/16,1.56
7/20/16,1.59
7/21/16,1.57
7/22/16,1.57
7/25/16,1.58
7/26/16,1.57
7/27/16,1.52
7/28/16,1.52
7/29/16,1.46
8/1/16,1.51
8/2/16,1.55
8/3/16,1.55
8/4/16,1.51
8/5/16,1.59
8/8/16,1.59
8/9/16,1.55
8/10/16,1.5
8/11/16,1.57
8/12/16,1.51
8/15/16,1.55
8/16/16,1.57
8/17/16,1.56
8/18/16,1.53
8/19/16,1.58
8/22/16,1.55
8/23/16,1.55
8/24/16,1.56
8/25/16,1.58
8/26/16,1.62
8/29/16,1.57
8/30/16,1.57
8/31/16,1.58
9/1/16,1.57
9/2/16,1.6
9/6/16,1.55
9/7/16,1.54
9/8/16,1.61
9/9/16,1.67
9/12/16,1.68
9/13/16,1.73
9/14/16,1.7
9/15/16,1.71
9/16/16,1.7
9/19/16,1.7
9/20/16,1.69
9/21/16,1.66
9/22/16,1.63
9/23/16,1.62
9/26/16,1.59
9/27/16,1.56
9/28/16,1.57
9/29/16,1.56
9/30/16,1.6
10/3/16,1.63
10/4/16,1.69
10/5/16,1.72
10/6/16,1.75
10/7/16,1.73
10/11/16,1.77
10/12/16,1.79
10/13/16,1.75
10/14/16,1.8
10/17/16,1.77
10/18/16,1.75
10/19/16,1.76
10/20/16,1.76
10/21/16,1.74
10/24/16,1.77
10/25/16,1.77
10/26/16,1.79
10/27/16,1.85
10/28/16,1.86
10/31/16,1.84
11/1/16,1.83
11/2/16,1.81
11/3/16,1.82
11/4/16,1.79
11/7/16,1.83
11/8/16,1.88
11/9/16,2.07
11/10/16,2.15
11/14/16,2.23
11/15/16,2.23
11/16/16,2.22
11/17/16,2.29
11/18/16,2.34
11/21/16,2.33
11/22/16,2.31
11/23/16,2.36
11/25/16,2.36
11/28/16,2.32
11/29/16,2.3
11/30/16,2.37
12/1/16,2.45
12/2/16,2.4
12/5/16,2.39
12/6/16,2.39
12/7/16,2.34
12/8/16,2.4
12/9/16,2.47
12/12/16,2.49
12/13/16,2.48
12/14/16,2.54
12/15/16,2.6
12/16/16,2.6
12/19/16,2.54
12/20/16,2.57
12/21/16,2.55
12/22/16,2.55
12/23/16,2.55
12/27/16,2.57
12/28/16,2.51
12/29/16,2.49
12/30/16,2.45
1/3/17,2.45
1/4/17,2.46
1/5/17,2.37
1/6/17,2.42
1/9/17,2.38
1/10/17,2.38
1/11/17,2.38
1/12/17,2.36
1/13/17,2.4
1/17/17,2.33
1/18/17,2.42
1/19/17,2.47
1/20/17,2.48
1/23/17,2.41
1/24/17,2.47
1/25/17,2.53
1/26/17,2.51
1/27/17,2.49
1/30/17,2.49
1/31/17,2.45
2/1/17,2.48
2/2/17,2.48
2/3/17,2.49
2/6/17,2.42
2/7/17,2.4
2/8/17,2.34
2/9/17,2.4
2/10/17,2.41
2/13/17,2.43
2/14/17,2.47
2/15/17,2.51
2/16/17,2.45
2/17/17,2.42
2/21/17,2.43
2/22/17,2.42
2/23/17,2.38
2/24/17,2.31
2/27/17,2.36
2/28/17,2.36
3/1/17,2.46
3/2/17,2.49
3/3/17,2.49
3/6/17,2.49
3/7/17,2.52
3/8/17,2.57
3/9/17,2.6
3/10/17,2.58
3/13/17,2.62
3/14/17,2.6
3/15/17,2.51
3/16/17,2.53
3/17/17,2.5
3/20/17,2.47
3/21/17,2.43
3/22/17,2.4
3/23/17,2.41
3/24/17,2.4
3/27/17,2.38
3/28/17,2.42
3/29/17,2.39
3/30/17,2.42
3/31/17,2.4
4/3/17,2.35
4/4/17,2.36
4/5/17,2.34
4/6/17,2.34
4/7/17,2.38
4/10/17,2.37
4/11/17,2.32
4/12/17,2.28
4/13/17,2.24
4/17/17,2.26
4/18/17,2.18
4/19/17,2.21
4/20/17,2.24
4/21/17,2.24
4/24/17,2.28
4/25/17,2.35
4/26/17,2.32
4/27/17,2.3
4/28/17,2.29
5/1/17,2.33
5/2/17,2.29
5/3/17,2.33
5/4/17,2.36
5/5/17,2.36
5/8/17,2.39
5/9/17,2.42
5/10/17,2.41
5/11/17,2.39
5/12/17,2.33
5/15/17,2.34
5/16/17,2.33
5/17/17,2.22
5/18/17,2.23
5/19/17,2.23
5/22/17,2.25
5/23/17,2.29
5/24/17,2.26
5/25/17,2.25
5/26/17,2.25
5/30/17,2.21
5/31/17,2.21
6/1/17,2.21
6/2/17,2.15
6/5/17,2.18
6/6/17,2.14
6/7/17,2.18
6/8/17,2.19